Time_h,Offline_penicillin_conc_g/L,Offline_biomass_conc_g/L,Offline_viscosity_cP
1.0,1.0178000000000001e-25,0.52808,4.083
12.0,0.00096956,2.8974,10.792
24.0,0.00091668,8.5233,21.978
36.0,1.2134,12.164,35.283
48.0,3.299,15.306,49.221
60.0,5.4925,16.928,40.596
72.0,7.5105,17.879,25.001
84.0,9.7403,19.471,25.919
96.0,11.97,20.781,34.541
